<annotation>
  <folder>/home/masoud/masoud/OpenLabeling-master/main/input/crop</folder>
  <filename>83.jpg</filename>
  <path>/home/masoud/masoud/OpenLabeling-master/main/input/crop/83.jpg</path>
  <source>
    <database>Unknown</database>
  </source>
  <size>
    <width>640</width>
    <height>640</height>
    <depth>3</depth>
  </size>
  <segmented>0</segmented>
  <object>
    <name>pavement</name>
    <pose>Unspecified</pose>
    <truncated>0</truncated>
    <difficult>0</difficult>
    <bndbox>
      <xmin>1</xmin>
      <ymin>1</ymin>
      <xmax>436</xmax>
      <ymax>636</ymax>
    </bndbox>
  </object>
</annotation>
